<?xml version="1.0" ?>
<metadata>
	<eainfo>
		<detailed>
			<attr>
				<attrlabl>ACRES</attrlabl>
				<attalias>ACRES</attalias>
				<attrdef>Area of polygon in GIS acres</attrdef>
			</attr>
			<attr>
				<attrlabl>FID</attrlabl>
				<attalias>FID</attalias>
				<attrdef>Internal feature number.</attrdef>
			</attr>
			<attr>
				<attrlabl>HUC_8</attrlabl>
				<attalias>HUC_8</attalias>
				<attrdef>4th Field Hydrologic Unit Code</attrdef>
			</attr>
			<attr>
				<attrlabl>HU_8_NAME</attrlabl>
				<attalias>HU_8_NAME</attalias>
				<attrdef>4th Field Hydrologic Unit Name following the NRCS Naming Protocol</attrdef>
			</attr>
			<attr>
				<attrlabl>Shape</attrlabl>
				<attalias>Shape</attalias>
				<attrdef>Feature geometry.</attrdef>
			</attr>
			<attr>
				<attrlabl>SHAPE_Area</attrlabl>
				<attalias>SHAPE_Area</attalias>
				<attrdef>Area of feature in internal units squared.</attrdef>
			</attr>
			<attr>
				<attrlabl>SHAPE_Leng</attrlabl>
				<attalias>SHAPE_Leng</attalias>
			</attr>
		</detailed>
	</eainfo>
	<dataqual>
		<lineage>
			<procstep>
				<procdesc>Consolidated Data Basin Info: PNW Hydrography Framework (PNWHF) Partner agencies originally delineated hydrologic unit boundaries to meet specific agency requirements.  
  
  
  
The PNWHF Partnership initiated a workshop-oriented process whereby agreed-upon hydrologic boundaries were accepted or delineated using 1:24,000 scale Digital Raster Graphics. A number of new Hydrological Unit Boundaries were also delineated using flow lines and basins computed from 10- and 30-meter horizontal resolution Digital Elevation data based on flow derived from the elevation grid to determine potential pour points. This workshop process resulted in a seamless hydrologic boundary dataset for Oregon.  
  
  
  
The PNWHF dataset was made available via its website for operational edits. PNWHF Partners downloaded the dataset, edited boundaries and attribution, and submitted the updated dataset back to the PNWHF server.  
  
  
  
The dataset was frozen prior to submittal to the review and edit process, the precursor to NRCS certification. (DEM30, DRG)  
  
Added the following attribute fields to support the pre NRCS certification review and edit project:  
  
  
  
EDIT_TYPE - Type of edits that took place.  
  
  
  
NEW_ACRES- Change in acres after edit.  
  
  
  
HUC_10_TYPE - Fifth Level Hydrologic Unit Type  
  
  
  
HUC_10_MOD - Fifth Level Hydrologic Unit Modifications  
  
  
  
HUC_12_TYPE - Sixth Level Hydrologic Unit Type  
  
  
  
HUC_12_MOD - Sixth Level Hydrologic Unit Modifications  
  
  
  
HU_10_NAME  
  
  
  
HU_12_NAME  
  
  
  
Dropped the following attribute fields:  
  
  
  
HUC_TYPE  
  
  
  
HUC_MOD  
  
The Pacific Northwest HU boundary dataset was broken up into workareas and provided to USGS from 1 (PNW1) through 15 (PNW15) according to a schedule defined by all PNW partners and USGS. The PNW#'s were extracted and sent to the USGS for update and edit as a precursor to national NRCS certification.  
  
USGSrefined the PNWHF Hydrologic Unit Boundaries and required attribution using consistent, reproducible methods that meet the &quot;Federal Standards for Delineations of Hydrologic Unit Boundaries&quot;.It was agreed that the Digital Raster Graphic (DRG) would be the primary source used for delineating boundaries.Arc, polygon and attribute adjustments were made to each PNW#. Changes were limited in the dataset to only those modifications that were needed to meet the national guidelines. Replacement of boundary lines or HU names that already meet the standard were to be avoided.There were two reviews by PNW Hydrography Framework (PNWHF) before a final was delivered back to PNWHF by USGS. After each review USGS incorporated changes that were identified and agreed-upon during the review process.  
  
The final datasets returned from USGS were assembled to make the PNW distribution coverage and the final Oregon dataset for certification. In the Final Oregon Dataset attributes fields were updated to to meet the national standards for both Arcs and Polgons. All Seventh field huc attributes, Arcs and labels were deleted from this final dataset.  
  
The final publication coverage wbd_ore was used to make this polygon feature class. The coverage was dissolved using the fields HUC_8 and HU_8_NAME also using the sum of Acres in the statistics field to get the acres for each polygon. The output from the dissolve comand is a 4th level (8 digit) subwatershed shapefile which was used to load the data into this feature class. The field HU_8_NAME were added to the publication coverage of wbd_ore and not part of the certified WBD_OREGON coverage.  
  
Dataset copied. (\\castle\gis\dev\basins\WBD_OR.gdb)  
  
Dataset copied. (\\castle\gis\dev\basins\WBD_ol.gdb)</procdesc>
			</procstep>
		</lineage>
	</dataqual>
	<idinfo>
		<useconst>The U.S. Department of Agriculture, Natural Resources Conservation Service, should be acknowledged as the data source in products derived from these data.These data should not be used at scales greater than 1:24,000.

This is public information and may be interpreted by organizations, agencies, units of government, or others based on needs; however they are responsible for the appropriate application of the data.Federal, state, or local regulatory bodies are not to reassign to the Natural Resources Conservation Service any authority for the decisions they make.The Natural Resources Conservation Service will not perform any evaluations of these maps or purposes related solely to State or local regulatory programs.Photographic or digital enlargement of these maps to scales greater than that at which they were originally delineated can cause misrepresentation of the data.If enlarged, the maps will not include the fine detail that would be appropriate for mapping at the small scale.Digital data files are periodically updated.Files are dated, and users are responsible for obtaining the latest version of the data.</useconst>
		<keywords>
			<theme>
				<themekey>hydrologic units,subwatershed boundaries,watershed boundaries,inlandwaters,watershed boundary dataset</themekey>
			</theme>
		</keywords>
		<citation>
			<citeinfo>
				<onlink>http://databasin.org/datasets/f8b3f76a7ccc46ee9db67761d9522003</onlink>
				<othercit>Title: Watershed Boundaries OregonCredits: OR Bureau of Land Management (BLM)Publication Date: Unpublished MaterialPublisher: OR BLM</othercit>
				<title>Watershed Boundaries Oregon</title>
				<origin>OR Bureau of Land Management (BLM)</origin>
			</citeinfo>
		</citation>
		<spdom>
			<bounding>
				<southbc>4977019.37248</southbc>
				<northbc>5863175.38267</northbc>
				<eastbc>-12908438.2516</eastbc>
				<westbc>-13871848.6458</westbc>
			</bounding>
		</spdom>
		<descript>
			<abstract>This geospatial dataset represents the 4th level (8-digit) hydrologic
unit boundaries of the Watershed Boundary Dataset (WBD) layer for
Oregon.  It was created by dissolving boundaries from the finer
resolution hydrologic units to create these broader boundaries.  See
metadata for the wbd_or_poly feature class for a more complete
description of the WBD.</abstract>
			<purpose>This dataset was created to meet both national and regional requirements.  It satisfies the national requirement for a seamless hydrologic unit boundary dataset for the nation that is developed at the 1;24,000 scale.  Regionally, the dataset will be used for a number of specific purposes including resource management planning, watershed analysis,  National Environmental Policy Act (NEPA) cumulative effects analysis, Endangered Species Act (ESA) consultation, biological assessments, water quality restoration plans,  water temperature assessments, watershed council project support, etc.</purpose>
			<supplinf>ftp://ftp-fc.sc.egov.usda.gov/NCGC/products/watershed/hu-standards.pdfThe watershed and subwatershed hydrologic unit boundaries provide a uniquely identified and uniform method of subdividing large drainage areas. These smaller sized hydrologic units (up to 250,000 acres) are useful in many programs supported by the NRCS and others.</supplinf>
		</descript>
	</idinfo>
	<distinfo>
		<techpreq>ESRI ArcGIS Desktop and supporting operating systems.</techpreq>
		<stdorder>
			<digform>
				<digtopt>
					<onlinopt>
						<accinstr>Download from http://databasin.org</accinstr>
					</onlinopt>
					<onlineopt>
						<computer>
							<networka>
								<networkr>http://databasin.org/datasets/f8b3f76a7ccc46ee9db67761d9522003</networkr>
							</networka>
						</computer>
					</onlineopt>
				</digtopt>
				<digtinfo>
					<filedec>No compression applied</filedec>
					<formvern>ArcGIS 10</formvern>
					<formspec>Shapefile Feature Class</formspec>
					<formname>Shapefile Feature Class</formname>
				</digtinfo>
			</digform>
			<ordering>Download from http://databasin.org</ordering>
			<fees>None</fees>
		</stdorder>
		<distliab>No warranty is made by Data Basin for use of this dataset.  No warranty is made by Data Basin regarding the accuracy, reliability, or completeness of this dataset. In no event shall Data Basin have any liability whatsoever for payment of any consequential, incidental, indirect, special, or tort damages of any kind, including, but not limited to, any loss of profits arising out of the use or reliance on the geographic or attribute data contained within this dataset or arising out of the delivery, installation, operation, or support by Data Basin.</distliab>
		<distrib>
			<cntinfo>
				<cntvoice>541-757-0687</cntvoice>
				<cntemail>databasin_admin@consbio.org</cntemail>
				<cntperp>
					<cntorg>Data Basin</cntorg>
					<cntper>Data Basin Administrator</cntper>
				</cntperp>
				<cntaddr>
					<postal>97333</postal>
					<city>Corvallis</city>
					<address>136 SW Washington Ave, Suite 202</address>
					<addrtype>physical address</addrtype>
					<country>USA</country>
					<state>OR</state>
				</cntaddr>
			</cntinfo>
		</distrib>
	</distinfo>
</metadata>
