<?xml version="1.0" encoding="ISO-8859-1"?>
<!DOCTYPE metadata SYSTEM "http://www.fgdc.gov/metadata/fgdc-std-001-1998.dtd">
<metadata>
	<idinfo>
		<citation>
			<citeinfo>
				<origin>OR Bureau of Land Management (BLM)</origin>
				<pubdate>Unpublished Material</pubdate>
				<title>Watershed Boundaries Oregon</title>
				<geoform>vector digital data</geoform>
				<pubinfo><pubdate></pubdate>
					<pubplace>Portland, Oregon</pubplace>
					<publish>OR BLM</publish>
				</pubinfo>
				<ftname Sync="TRUE">hu4</ftname><othercit></othercit></citeinfo>
			<citeinfo/><citeinfo/></citation>
		<descript>
			<abstract>This geospatial dataset represents the 4th level (8-digit) hydrologic

unit boundaries of the Watershed Boundary Dataset (WBD) layer for

Oregon.  It was created by dissolving boundaries from the finer

resolution hydrologic units to create these broader boundaries.  See

metadata for the wbd_or_poly feature class for a more complete

description of the WBD.</abstract>
			<purpose>This dataset was created to meet both national and regional requirements.  It satisfies the national requirement for a seamless hydrologic unit boundary dataset for the nation that is developed at the 1;24,000 scale.  Regionally, the dataset will be used for a number of specific purposes including resource management planning, watershed analysis,  National Environmental Policy Act (NEPA) cumulative effects analysis, Endangered Species Act (ESA) consultation, biological assessments, water quality restoration plans,  water temperature assessments, watershed council project support, etc.</purpose>
			<supplinf>ftp://ftp-fc.sc.egov.usda.gov/NCGC/products/watershed/hu-standards.pdf



The watershed and subwatershed hydrologic unit boundaries provide a uniquely identified and uniform method of subdividing large drainage areas. These smaller sized hydrologic units (up to 250,000 acres) are useful in many programs supported by the NRCS and others.</supplinf>
			<langdata Sync="TRUE">en</langdata></descript>
		<timeperd>
			<timeinfo>
				<current/></timeinfo>
			<current>publication date</current>
			<timeinfo/><timeinfo/></timeperd>
		<status>
			<progress>Complete</progress>
			<update>None Planned</update>
		</status>
		<spdom>
			<bounding>
				<westbc>

-118</westbc>
				<eastbc>

-116</eastbc>
				<northbc>

46</northbc>
				<southbc>

44</southbc>
			</bounding>
			<lboundng><leftbc Sync="TRUE">-124.612937</leftbc><rightbc Sync="TRUE">-115.958474</rightbc><bottombc Sync="TRUE">40.760092</bottombc><topbc Sync="TRUE">46.514440</topbc></lboundng><bounding/><bounding/></spdom>
		<keywords>
			<place>
				<placekt>BLM-State</placekt>
				<placekey>Oregon</placekey>
				<placekey>Idaho</placekey>
				<placekey>Nevada</placekey>
				<placekey>California</placekey>
			</place>
			<theme><themekey>Hydrologic units</themekey><themekey>Watershed Boundaries</themekey><themekey>Subwatershed Boundaries</themekey><themekey>Watershed Boundary Dataset</themekey><themekey>inlandWaters</themekey><themekt>Data Basin tags</themekt></theme></keywords>
		<accconst>None</accconst>
		<useconst>The U.S. Department of Agriculture, Natural Resources Conservation Service, should be acknowledged as the data source in products derived from these data.  These data should not be used at scales greater than 1:24,000.



This is public information and may be interpreted by organizations, agencies, units of government, or others based on needs; however they are responsible for the appropriate application of the data.    Federal, state, or local regulatory bodies are not to reassign to the Natural Resources Conservation Service any authority for the decisions they make.  The Natural Resources Conservation Service will not perform any evaluations of these maps or purposes related solely to State or local regulatory programs.  Photographic or digital enlargement of these maps to scales greater than that at which they were originally delineated can cause misrepresentation of the data.  If enlarged, the maps will not include the fine detail that would be appropriate for mapping at the small scale.  Digital data files are periodically updated.  Files are dated, and users are responsible for obtaining the latest version of the data.</useconst>
		<ptcontac>
			<cntinfo>
				<cntperp>
					<cntper>Dan Wickwire / Ian Reid</cntper>
					<cntorg>OR BLM / OR NRCS</cntorg>
				</cntperp>
				<cntemail>dwickwir@or.blm.gov / ian.reid@or.usda.gov</cntemail>
			</cntinfo>
			<cntinfo/><cntinfo/></ptcontac>
		<native>Windows_NT, 4.0, Intel ARC/INFO version 7.1.2</native>
		<crossref>
			<citeinfo>
				<origin>BLM</origin>
				<pubdate>Unknown</pubdate>
				<title>Hydrologic Unit Boundaries Oregon</title>
				<geoform>vector digital data</geoform>
				<onlink>http://hydro.reo.gov</onlink>
			</citeinfo>
		</crossref>
		<natvform Sync="TRUE">Shapefile</natvform><datacred></datacred></idinfo>
	<dataqual>
		<logic>Coverage built for polygon topology. There are no overshoots or undershoot or label errors.</logic>
		<lineage>
			<srcinfo>
				<srccite>
					<citeinfo>
						<origin>PNW Hydrography Framework Partnership and NRCS</origin>
						<pubdate>Unknown</pubdate>
						<title>Draft hydrologic unit boundaries</title>
						<geoform>vector digital data</geoform>
						<othercit>The PNW Hydrography Framework Partnership is comprised of the BLM, US Forest Service (USFS), State of Oregon, and State of Washington.</othercit>
						<onlink>http://hydro.reo.gov</onlink>
					</citeinfo>
				</srccite>
				<srctime>
					<timeinfo>
						<sngdate>
							<caldate>20080527</caldate>
							<time>unknown</time>
						</sngdate>
					</timeinfo>
					<srccurr>publication date</srccurr>
				</srctime>
				<srccitea>PNW-WBD</srccitea>
				<srccontr>Polygons, Arcs &amp; Attributes</srccontr>
			</srcinfo>
			<procstep>
				<procdesc>PNW Hydrography Framework (PNWHF) Partner agencies originally delineated hydrologic unit boundaries to meet specific agency requirements.  



The PNWHF Partnership initiated a workshop-oriented process whereby agreed-upon hydrologic boundaries were accepted or delineated using 1:24,000 scale Digital Raster Graphics.  A number of new Hydrological Unit Boundaries were also delineated using flow lines and basins computed from 10- and 30-meter horizontal resolution Digital Elevation data based on flow derived from the elevation grid to determine potential pour points. This workshop process resulted in a seamless hydrologic boundary dataset for Oregon.  



The PNWHF dataset was made available via its website for operational edits.  PNWHF Partners downloaded the dataset, edited boundaries and attribution, and submitted the updated dataset back to the PNWHF server.  



The dataset was frozen prior to submittal to the review and edit process, the precursor to NRCS certification.</procdesc>
				<srcused>DEM30</srcused>
				<srcused>DRG</srcused>
				<procdate>2002</procdate>
			</procstep>
			<procstep>
				<procdesc>Added the following attribute fields to support the pre NRCS certification review and edit project:



EDIT_TYPE - Type of edits that took place.



NEW_ACRES-  Change in acres after edit.



HUC_10_TYPE - Fifth Level Hydrologic Unit Type



HUC_10_MOD - Fifth Level Hydrologic Unit Modifications



HUC_12_TYPE - Sixth Level Hydrologic Unit Type



HUC_12_MOD - Sixth Level Hydrologic Unit Modifications



HU_10_NAME



HU_12_NAME



Dropped the following attribute fields:



HUC_TYPE



HUC_MOD</procdesc>
				<procdate>2006</procdate>
				<proccont>
					<cntinfo>
						<cntorgp>
							<cntorg>Northrop Grumman/BLM</cntorg>
							<cntper>Bryant Mecklem</cntper>
						</cntorgp>
						<cntpos>GIS Specialist</cntpos>
						<cntaddr>
							<addrtype>mailing address</addrtype>
							<address>P.O. Box 2965</address>
							<city>Portland</city>
							<state>OR</state>
							<postal>97208</postal>
							<country>USA</country>
						</cntaddr>
						<cntvoice>503-808-6506</cntvoice>
						<cntemail>bmecklem@or.blm.gov</cntemail>
					</cntinfo>
				</proccont>
			</procstep>
			<procstep>
				<procdesc>The Pacific Northwest HU boundary dataset was broken up into workareas and provided to USGS from 1 (PNW1)  through 15 (PNW15) according to a schedule defined by all PNW partners and USGS. The PNW#'s were extracted and sent to the USGS for update and edit as a precursor to national NRCS certification.</procdesc>
				<procdate>20060126</procdate>
				<proccont>
					<cntinfo>
						<cntperp>
							<cntper>Bryant Mecklem</cntper>
							<cntorg>Northrop Grumman/OR BLM</cntorg>
						</cntperp>
						<cntpos>GIS Specialist</cntpos>
						<cntaddr>
							<addrtype>mailing address</addrtype>
							<address>P.O. Box 2965</address>
							<city>Portland</city>
							<state>OR</state>
							<postal>97208</postal>
							<country>USA</country>
						</cntaddr>
						<cntvoice>(503) 808-6506</cntvoice>
						<cntemail>bmecklem@or.blm.gov</cntemail>
					</cntinfo>
				</proccont>
			</procstep>
			<procstep>
				<procdesc>USGS  refined the PNWHF Hydrologic Unit Boundaries and required attribution using consistent, reproducible methods that meet the "Federal Standards for Delineations of Hydrologic Unit Boundaries".  It was agreed that the Digital Raster Graphic (DRG) would be the primary source used for delineating boundaries.  Arc, polygon and attribute adjustments were made to each PNW#. Changes were limited in the dataset to only those modifications that were needed to meet the national guidelines.   Replacement of boundary lines or HU names that already meet the standard were to be avoided.  There were two reviews by PNW Hydrography Framework (PNWHF) before a final was delivered back to PNWHF by USGS. After each review USGS incorporated changes that were identified and agreed-upon during the review process.</procdesc>
				<procdate>2006</procdate>
				<proccont>
					<cntinfo>
						<cntperp>
							<cntper>Kimberly Jones</cntper>
							<cntorg>USGS</cntorg>
						</cntperp>
						<cntemail>kjones@usgs.gov</cntemail>
					</cntinfo>
				</proccont>
			</procstep>
			<procstep>
				<procdesc>The final datasets returned from  USGS were assembled to make the PNW distribution coverage and the final Oregon dataset for certification.  In the Final Oregon Dataset attributes fields were updated to to meet the national standards for both Arcs and Polgons.  All Seventh field huc attributes, Arcs and labels were deleted from this final dataset.</procdesc>
				<procdate>20080527</procdate>
				<proccont>
					<cntinfo>
						<cntperp>
							<cntper>Bryant Mecklem</cntper>
							<cntorg>BLM Oregon State Office/Northrop Grumman</cntorg>
						</cntperp>
						<cntpos>GIS Specialist</cntpos>
						<cntvoice>503-808-6506</cntvoice>
						<cntemail>bmecklem@or.blm.gov</cntemail>
					</cntinfo>
				</proccont>
			</procstep>
			<procstep>
				<procdesc>The final publication coverage wbd_ore was used to make this polygon feature class.  The coverage was dissolved using the fields HUC_8 and HU_8_NAME also using the sum of Acres in the statistics field to get the acres for each polygon. The output from the dissolve comand is a 4th level (8 digit)  subwatershed shapefile which was used to load the data into this feature class. The field HU_8_NAME were added to the publication coverage of wbd_ore and not part of the certified WBD_OREGON coverage.</procdesc>
				<procdate>20080830</procdate>
				<proccont>
					<cntinfo>
						<cntperp>
							<cntper>Bryant Mecklem</cntper>
							<cntorg>BLM OSO/Northrop Grumman</cntorg>
						</cntperp>
						<cntpos>GIS Specialist</cntpos>
						<cntaddr>
							<addrtype>mailing address</addrtype>
							<address>P.O. Box 2965</address>
							<city>Portland</city>
							<state>OR</state>
							<postal>97208</postal>
							<country>USA</country>
						</cntaddr>
						<cntvoice>(503) 808-6506</cntvoice>
						<cntemail>bmecklem@or.blm.gov</cntemail>
					</cntinfo>
				</proccont>
			</procstep>
			<procstep><procdesc Sync="TRUE">Dataset copied.</procdesc><srcused Sync="TRUE">\\castle\gis\dev\basins\WBD_OR.gdb</srcused><procdate Sync="TRUE">20090225</procdate><proctime Sync="TRUE">17080100</proctime></procstep><procstep><procdesc Sync="TRUE">Dataset copied.</procdesc><srcused Sync="TRUE">\\castle\gis\dev\basins\WBD_ol.gdb</srcused><procdate Sync="TRUE">20090225</procdate><proctime Sync="TRUE">17105100</proctime></procstep></lineage>
		<cloud>0</cloud>
		<attracc><attraccr></attraccr></attracc><complete></complete></dataqual>
	<spdoinfo>
		<indspref>Oregon, Washington, California, Idaho</indspref>
		<direct>Vector</direct>
		<ptvctinf>
			<sdtsterm Name="hu4">
				<sdtstype>Complete chain</sdtstype>
				<ptvctcnt>2045395</ptvctcnt>
			</sdtsterm>
			<sdtsterm>
				<sdtstype>Label point</sdtstype>
				<ptvctcnt>6198</ptvctcnt>
			</sdtsterm>
			<sdtsterm>
				<sdtstype>GT-polygon composed of chains</sdtstype>
				<ptvctcnt>6198</ptvctcnt>
			</sdtsterm>
			<sdtsterm>
				<sdtstype>Point</sdtstype>
				<ptvctcnt>1020</ptvctcnt>
			</sdtsterm>
			<sdtsterm>
				<sdtstype>Composite object</sdtstype>
				<ptvctcnt>3</ptvctcnt>
			</sdtsterm>
			<sdtsterm>
				<sdtstype>Composite object</sdtstype>
				<ptvctcnt>17</ptvctcnt>
			</sdtsterm>
			<sdtsterm>
				<sdtstype>Composite object</sdtstype>
				<ptvctcnt>25</ptvctcnt>
			</sdtsterm>
			<sdtsterm>
				<sdtstype>Composite object</sdtstype>
				<ptvctcnt>200</ptvctcnt>
			</sdtsterm>
			<sdtsterm>
				<sdtstype>Composite object</sdtstype>
				<ptvctcnt>1158</ptvctcnt>
			</sdtsterm>
			<sdtsterm>
				<sdtstype>Composite object</sdtstype>
				<ptvctcnt>5859</ptvctcnt>
			</sdtsterm>
			<sdtsterm>
				<sdtstype>Composite object</sdtstype>
				<ptvctcnt>435</ptvctcnt>
			</sdtsterm>
			<esriterm Name="hu4"><efeatyp Sync="TRUE">Simple</efeatyp><efeageom Sync="TRUE">Polygon</efeageom><esritopo Sync="TRUE">FALSE</esritopo><efeacnt Sync="TRUE">0</efeacnt><spindex Sync="TRUE">FALSE</spindex><linrefer Sync="TRUE">FALSE</linrefer></esriterm></ptvctinf>
	</spdoinfo>
	<spref>
		<horizsys>
			<geodetic>
				<horizdn>North American Datum of 1983</horizdn>
				<ellips>Geodetic Reference System 1980</ellips>
				<semiaxis>6378137.000000</semiaxis>
				<denflat>298.257222</denflat>
			</geodetic>
			<cordsysn><geogcsn Sync="TRUE">GCS_North_American_1983</geogcsn><projcsn Sync="TRUE">NAD_1983_Oregon_Statewide_Lambert_Feet_Intl</projcsn></cordsysn><planar><planci><plance Sync="TRUE">coordinate pair</plance><plandu Sync="TRUE">international feet</plandu><coordrep><absres Sync="TRUE">0.000000</absres><ordres Sync="TRUE">0.000000</ordres></coordrep></planci><mapproj><mapprojn Sync="TRUE">Lambert Conformal Conic</mapprojn><lambertc><stdparll Sync="TRUE">43.000000</stdparll><stdparll Sync="TRUE">45.500000</stdparll><longcm Sync="TRUE">-120.500000</longcm><latprjo Sync="TRUE">41.750000</latprjo><feast Sync="TRUE">1312335.958005</feast><fnorth Sync="TRUE">0.000000</fnorth></lambertc></mapproj></planar></horizsys>
		<vertdef>
			<altsys>
				<altres>1</altres>
				<altenc>Explicit elevation coordinate included with horizontal coordinates</altenc>
			</altsys>
		</vertdef>
	</spref>
	<eainfo>
		<detailed Name="hu4">
			<enttyp>
				<enttypl>wbd_or_huc8</enttypl>
				<enttypd>Polygon Attribute Table</enttypd>
				<enttypt Sync="TRUE">Feature Class</enttypt><enttypc Sync="TRUE">0</enttypc></enttyp>
			<attr><attrlabl Sync="TRUE">FID</attrlabl><attalias>FID</attalias><attrtype Sync="TRUE">OID</attrtype><attwidth Sync="TRUE">4</attwidth><atprecis Sync="TRUE">0</atprecis><attscale Sync="TRUE">0</attscale><attrdef>Internal feature number.</attrdef><attrdefs Sync="TRUE">ESRI</attrdefs><attrdomv><udom Sync="TRUE">Sequential unique whole numbers that are automatically generated.</udom></attrdomv></attr><attr><attrlabl Sync="TRUE">SHAPE</attrlabl><attalias Sync="TRUE">Shape</attalias><attrtype Sync="TRUE">Geometry</attrtype><attwidth Sync="TRUE">0</attwidth><atprecis Sync="TRUE">0</atprecis><attscale Sync="TRUE">0</attscale><attrdef Sync="TRUE">Feature geometry.</attrdef><attrdefs Sync="TRUE">ESRI</attrdefs><attrdomv><udom Sync="TRUE">Coordinates defining the features.</udom></attrdomv></attr><attr><attrlabl Sync="TRUE">HUC_8</attrlabl><attalias>HUC_8</attalias><attrtype Sync="TRUE">String</attrtype><attwidth Sync="TRUE">8</attwidth><attrdef>4th Field Hydrologic Unit Code</attrdef><attrdomv/></attr><attr><attrlabl Sync="TRUE">HU_8_NAME</attrlabl><attalias>HU_8_NAME</attalias><attrtype Sync="TRUE">String</attrtype><attwidth Sync="TRUE">80</attwidth><attrdef>4th Field Hydrologic Unit Name following the NRCS Naming Protocol</attrdef><attrdefs>NRCS</attrdefs><attrdomv/></attr><attr><attrlabl Sync="TRUE">ACRES</attrlabl><attalias>ACRES</attalias><attrtype Sync="TRUE">Float</attrtype><attwidth Sync="TRUE">19</attwidth><attrdef>Area of polygon in GIS acres</attrdef><attrdefs>Computed</attrdefs><atnumdec Sync="TRUE">11</atnumdec><attrdomv/></attr><attr><attrlabl Sync="TRUE">SHAPE_Leng</attrlabl><attalias Sync="TRUE">SHAPE_Leng</attalias><attrtype Sync="TRUE">Float</attrtype><attwidth Sync="TRUE">19</attwidth><atnumdec Sync="TRUE">11</atnumdec><attrdef/><attrdomv/></attr><attr><attrlabl Sync="TRUE">SHAPE_Area</attrlabl><attalias Sync="TRUE">SHAPE_Area</attalias><attrtype Sync="TRUE">Float</attrtype><attwidth Sync="TRUE">19</attwidth><attrdef Sync="TRUE">Area of feature in internal units squared.</attrdef><attrdefs Sync="TRUE">ESRI</attrdefs><attrdomv><udom Sync="TRUE">Positive real numbers that are automatically generated.</udom></attrdomv><atnumdec Sync="TRUE">11</atnumdec></attr><attr><attrlabl>Shape</attrlabl><attalias>Shape</attalias><attrdef>Feature geometry.</attrdef><attrdomv/></attr><attr><attrlabl>SHAPE_Leng</attrlabl><attalias>SHAPE_Leng</attalias><attrdef></attrdef><attrdomv/></attr><attr><attrlabl>SHAPE_Area</attrlabl><attalias>SHAPE_Area</attalias><attrdef>Area of feature in internal units squared.</attrdef><attrdomv/></attr></detailed>
		<overview>
			<eaover>ftp://ftp-fc.sc.egov.usda.gov/NCGC/products/watershed/hu-standards.pdf



The WBD_Oregon coverage contains attributes for polygons and arcs. Hydrologic Unit delineations are closed polygons that encompass all area draining toward the lowest point (called pour point) in the polygon. Because of nominal sizes for the different hydrologic unit level: Watershed (40,000 to 250,000 acres) and Subwatershed (generally 10,000 to 40,000 acres), some polygons do not include all areas up to the drainage divide but all areas to one or more other upstream hydrologic units. A unique hydrologic unit code is used to identify each hydrologic unit. The hydrologic unit codes start with the 8-digit Sub-basin (huc_8) number that contains the Watershed. Likewise the Subwatershed hydrologic unit codes (huc_12) start with the 10-digit Watershed number (huc_10) that contains the Subwatershed.   Attributes associated with a hydrologic unit code includes: ACRES, HUC_10_TYPE, HUC_12_TYPE, HUC_10_MOD, HUC_12_MOD, , HU_8_NAME, HU_10_NAME, HU_12_NAME,  STATES, NCONTRB_A, HU_10_DS, HU_12_DS, HUC_MOD, COMMENT, HUC_8, HUC_10, HUC_12, HU_10_GNIS_NUM, HU_12_GNIS_NUM, HUC_LEVEL, LINESOURCE, LINEVER, LINEDATE, LINEORG, META_ID, COMMENT.</eaover>
		</overview>
	</eainfo>
	<distinfo>
		<distrib>
			<cntinfo>
				<cntperp>
					<cntper>Eric Hiebenthal</cntper>
					<cntorg>Bureau of Land Management, Oregon/Washington State Office</cntorg>
				</cntperp>
				<cntpos>Northrup Grumman Data Administration Supervisor</cntpos>
				<cntaddr>
					<addrtype>mailing address</addrtype>
					<address>P.O. Box 2965</address>
					<city>Portland</city>
					<state>OR</state>
					<postal>97208</postal>
					<country>USA</country>
				</cntaddr>
				<cntvoice>(503) 808-6565</cntvoice>
				<cntfax>503-808-6374</cntfax>
				<cntemail>ehiebent@blm.gov</cntemail>
				<hours>7:30-4</hours>
				<cntinst>http://www.blm.gov/or</cntinst>
			</cntinfo>
		</distrib>
		<resdesc>Offline Data</resdesc>
		<distliab>No warranty is made by the Bureau of Land Management as to the accuracy, reliability, or completeness of these data for individual use or aggregate use with other data.</distliab>
		<stdorder>
			<fees>Contact Distributor</fees>
			<ordering>Data is available through the Oregon/Washington State office of the Bureau of Land Management.</ordering>
			<digform><digtinfo><transize Sync="TRUE">0.000</transize><dssize Sync="TRUE">0.000</dssize></digtinfo></digform></stdorder>
		<custom>Contact Distributor</custom>
		<availabl>
			<timeinfo>
				<sngdate>
				</sngdate>
			</timeinfo>
		</availabl>
	</distinfo>
	<metainfo>
		<metd>20060113</metd>
		<metc>
			<cntinfo>
				<cntperp>
					<cntper>Stanley Frazier</cntper>
					<cntorg>Bureau of Land Management, Oregon/Washington State Office</cntorg>
				</cntperp>
				<cntpos>State Data Administrator</cntpos>
				<cntaddr>
					<addrtype>mailing address</addrtype>
					<address>P.O. Box 2965</address>
					<city>Portland</city>
					<state>OR</state>
					<postal>97208</postal>
					<country>USA</country>
				</cntaddr>
				<cntvoice>(503) 808-6009</cntvoice>
				<cntemail>Stan_Frazier@blm.gov</cntemail>
				<cntinst>http://www.blm.gov/or</cntinst>
			</cntinfo>
		</metc>
		<metstdn>FGDC Content Standard for Digital Geospatial Metadata</metstdn>
		<metstdv>FGDC-STD-001-1998</metstdv>
		<mettc>local time</mettc>
		<metac>None</metac>
		<metuc>None</metuc>
		<metsi>
			<metsc>Unclassified</metsc>
		</metsi>
		<metextns>
			<onlink>http://www.esri.com/metadata/esriprof80.html</onlink>
			<metprof>ESRI Metadata Profile</metprof>
		</metextns>
		<metextns>
			<onlink>http://www.esri.com/metadata/esriprof80.html</onlink>
			<metprof>ESRI Metadata Profile</metprof>
		</metextns>
		<metextns>
			<onlink>http://www.esri.com/metadata/esriprof80.html</onlink>
			<metprof>ESRI Metadata Profile</metprof>
		</metextns>
		<langmeta Sync="TRUE">en</langmeta><metextns><onlink Sync="TRUE">http://www.esri.com/metadata/esriprof80.html</onlink><metprof Sync="TRUE">ESRI Metadata Profile</metprof></metextns></metainfo>
	<Esri><CreaDate>20101008</CreaDate><CreaTime>19324200</CreaTime><SyncOnce>FALSE</SyncOnce><ModDate>20091207</ModDate><ModTime>16241700</ModTime><SyncDate>20091207</SyncDate><SyncTime>16241700</SyncTime><DataProperties><lineage><Process Name="DeleteFeatures_1" ToolSource="C:\Program Files\ArcGIS\ArcToolbox\Toolboxes\Data Management Tools.tbx\DeleteFeatures" Date="20081009" Time="133152">DeleteFeatures G:\workspace\or\oso\bmecklem\File_geodatabase\WBD_OR.gdb\wbd_or\HU_BOUNDARY_WBD_OR_HUC8_POLY G:\workspace\or\oso\bmecklem\File_geodatabase\WBD_OR.gdb\wbd_or\HU_BOUNDARY_WBD_OR_HUC8_POLY</Process><Process ToolSource="C:\Program Files\ArcGIS\ArcToolbox\Toolboxes\Data Management Tools.tbx\CopyFeatures" Date="20091104" Time="154649">CopyFeatures "database connections\gissql_ro.sde\sde.sde.hydrologic_units\sde.sde.hu4" C:\arcgis_wksp\hydro\WBD_Oregon.gdb\sde_sde_hu4 # 0 0 0</Process><Process ToolSource="C:\Program Files\ArcGIS\ArcToolbox\Toolboxes\Conversion Tools.tbx\FeatureClassToFeatureClass" Date="20091207" Time="162422">FeatureClassToFeatureClass F:\geo_gis\OWRD\WBD_Oregon.gdb\hu4 F:\geo_gis\OWRD hu4.shp # "HUC_8 'HUC_8' true true false 8 Text 0 0 ,First,#,F:\geo_gis\OWRD\WBD_Oregon.gdb\hu4,HUC_8,-1,-1;HU_8_NAME 'HU_8_NAME' true true false 80 Text 0 0 ,First,#,F:\geo_gis\OWRD\WBD_Oregon.gdb\hu4,HU_8_NAME,-1,-1;ACRES 'ACRES' true true false 8 Double 0 0 ,First,#,F:\geo_gis\OWRD\WBD_Oregon.gdb\hu4,ACRES,-1,-1;SHAPE_Leng 'SHAPE_Length' false true true 8 Double 0 0 ,First,#,F:\geo_gis\OWRD\WBD_Oregon.gdb\hu4,SHAPE_Length,-1,-1;SHAPE_Area 'SHAPE_Area' false true true 8 Double 0 0 ,First,#,F:\geo_gis\OWRD\WBD_Oregon.gdb\hu4,SHAPE_Area,-1,-1" # F:\geo_gis\OWRD\hu4.shp</Process><Process ToolSource="C:\Program Files (x86)\ArcGIS\Server10.0\ArcToolbox\Toolboxes\Data Management Tools.tbx\Project" Date="20101008" Time="193146">Project D:\arcgisserver\services\im\f8b3f76a7ccc46ee9db67761d9522003\commondata\data0\hu4.shp D:\arcgisserver\services\im\f8b3f76a7ccc46ee9db67761d9522003\commondata\data0\p_hu4.shp PROJCS['WGS_1984_Web_Mercator_Auxiliary_Sphere',GEOGCS['GCS_WGS_1984',DATUM['D_WGS_1984',SPHEROID['WGS_1984',6378137.0,298.257223563]],PRIMEM['Greenwich',0.0],UNIT['Degree',0.0174532925199433]],PROJECTION['Mercator_Auxiliary_Sphere'],PARAMETER['False_Easting',0.0],PARAMETER['False_Northing',0.0],PARAMETER['Central_Meridian',0.0],PARAMETER['Standard_Parallel_1',0.0],PARAMETER['Auxiliary_Sphere_Type',0.0],UNIT['Meter',1.0]] NAD_1983_To_WGS_1984_1 PROJCS['NAD_1983_Oregon_Statewide_Lambert_Feet_Intl',GEOGCS['GCS_North_American_1983',DATUM['D_North_American_1983',SPHEROID['GRS_1980',6378137.0,298.257222101]],PRIMEM['Greenwich',0.0],UNIT['Degree',0.0174532925199433]],PROJECTION['Lambert_Conformal_Conic'],PARAMETER['False_Easting',1312335.958005249],PARAMETER['False_Northing',0.0],PARAMETER['Central_Meridian',-120.5],PARAMETER['Standard_Parallel_1',43.0],PARAMETER['Standard_Parallel_2',45.5],PARAMETER['Latitude_Of_Origin',41.75],UNIT['Foot',0.3048]]</Process></lineage><itemProps><itemLocation><linkage Sync="TRUE">file://\\IP-0AD44DBB\D\arcgisserver\services\im\f8b3f76a7ccc46ee9db67761d9522003\f8b3f76a7ccc46ee9db67761d9522003\commondata\data0\hu4</linkage><protocol Sync="TRUE">Local Area Network</protocol></itemLocation></itemProps><copyHistory><copy source="C:\Users\ArcGISSOC\AppData\Local\Temp\temp289623727229490142734852119323834440\commondata\data0\hu4" dest="\\IP-0AD44DBB\D\arcgisserver\services\im\f8b3f76a7ccc46ee9db67761d9522003\f8b3f76a7ccc46ee9db67761d9522003\commondata\data0\hu4" date="20101008" time="19324200"/></copyHistory></DataProperties><ArcGISFormat>1.0</ArcGISFormat></Esri><mdDateSt Sync="TRUE">20091207</mdDateSt><dataIdInfo><envirDesc Sync="TRUE">Microsoft Windows XP Version 5.1 (Build 2600) Service Pack 3; ESRI ArcCatalog 9.3.0.1770</envirDesc><dataLang><languageCode Sync="TRUE" value="en"/></dataLang><idCitation><resTitle Sync="TRUE">hu4</resTitle><presForm><PresFormCd Sync="TRUE" value="005"/></presForm></idCitation><dataExt><geoEle><GeoBndBox esriExtentType="native"><westBL Sync="TRUE">-124.612937</westBL><eastBL Sync="TRUE">-115.958474</eastBL><northBL Sync="TRUE">46.51444</northBL><southBL Sync="TRUE">40.760092</southBL><exTypeCode Sync="TRUE">1</exTypeCode></GeoBndBox></geoEle></dataExt><geoBox esriExtentType="decdegrees"><westBL Sync="TRUE">-124.612937</westBL><eastBL Sync="TRUE">-115.958474</eastBL><northBL Sync="TRUE">46.51444</northBL><southBL Sync="TRUE">40.760092</southBL><exTypeCode Sync="TRUE">1</exTypeCode></geoBox><spatRpType><SpatRepTypCd Sync="TRUE" value="001"/></spatRpType></dataIdInfo><mdLang><languageCode Sync="TRUE" value="en"/></mdLang><mdStanName Sync="TRUE">ISO 19115 Geographic Information - Metadata</mdStanName><mdStanVer Sync="TRUE">DIS_ESRI1.0</mdStanVer><mdChar><CharSetCd Sync="TRUE" value="004"/></mdChar><mdHrLv><ScopeCd Sync="TRUE" value="005"/></mdHrLv><mdHrLvName Sync="TRUE">dataset</mdHrLvName><distInfo><distributor><distorTran><onLineSrc><orDesc Sync="TRUE">002</orDesc><linkage Sync="TRUE">file://\\wpv01db001\GIS\geo_gis\OWRD\hu4.shp</linkage><protocol Sync="TRUE">Local Area Network</protocol></onLineSrc><transSize Sync="TRUE">0.000</transSize></distorTran><distorFormat><formatName Sync="TRUE">Shapefile</formatName></distorFormat></distributor></distInfo><refSysInfo><RefSystem><refSysID><identCode Sync="TRUE">NAD_1983_Oregon_Statewide_Lambert_Feet_Intl</identCode></refSysID></RefSystem></refSysInfo><spatRepInfo><VectSpatRep><topLvl><TopoLevCd Sync="TRUE" value="001"/></topLvl><geometObjs Name="hu4"><geoObjTyp><GeoObjTypCd Sync="TRUE" value="001"/></geoObjTyp><geoObjCnt Sync="TRUE">0</geoObjCnt></geometObjs></VectSpatRep></spatRepInfo></metadata>
