<?xml version="1.0" encoding="utf-8" ?>
<ESRI_ItemInformation Culture='en-US'>
<name>f8b3f76a7ccc46ee9db67761d9522003</name>
<guid>BD64603B-4B1E-4C5B-82EC-599302FE13E6</guid>
<catalogpath></catalogpath>
<snippet></snippet>
<description>level 4 hydrology units for Oregon</description>
<summary></summary>
<title>hu4</title>
<tags></tags>
<type>Layer Package</type>
<typekeywords>
<typekeyword>Shapefile Feature Class</typekeyword>
<typekeyword>Layer Package</typekeyword>
<typekeyword>Data</typekeyword>
<typekeyword>ArcMap</typekeyword>
<typekeyword>.lpk</typekeyword>
</typekeywords>
<thumbnail>thumbnail/thumbnail.png</thumbnail>
<documentation></documentation>
<url></url>
<datalastmodifiedtime></datalastmodifiedtime>
<extent>
<xmin>-124.877567686622</xmin>
<ymin>40.6857714790503</ymin>
<xmax>-115.5547214685</xmax>
<ymax>46.5338478374405</ymax>
</extent>
<spatialreference>NAD_1983_Oregon_Statewide_Lambert_Feet_Intl</spatialreference>
<accessinformation></accessinformation>
</ESRI_ItemInformation>
