<?xml version="1.0" encoding="ISO-8859-1"?>
<!DOCTYPE metadata SYSTEM "http://www.fgdc.gov/metadata/fgdc-std-001-1998.dtd">
<metadata>
	<idinfo>
		<citation>
			<citeinfo>
				<origin>OR BLM -  USFS</origin>
				<pubdate>8/01/2006</pubdate>
				<title>Hydrologic Unit Boundaries for  Oregon, Washington, and  California (Geographic NAD83)</title>
				<geoform>vector digital data</geoform>
				<pubinfo>
					<pubplace>Portland, Oregon</pubplace>
					<publish>OR BLM</publish>
				</pubinfo>
				<onlink>\\SNASGIS\GIS\geo_gis\hydro\Hydro 2006\hydrologic_units\hydrologic_units.mdb</onlink>
			</citeinfo>
		</citation>
		<descript>
			<abstract>This geospatial dataset is a hydrologic boundary layer containing nested hydrologic unit boundaries. The standard allows for mapping to the (16-digit) level. The dataset was developed by delineating the boundary lines on 1:24,000 base maps and digitizing the delineated lines. Digital Elevation Model data was used in part of the process to establish preliminary boundaries.

This data set consists of geo-referenced digital map data and associated attributes. The hydrologic unit code attached to each delineated polygon is linked to the attribute data, which can contain information on area in acres, non-contributing area, state(s) the HU falls within, name for 7th and 8th level HU, 5th and 6th level code for downstream hydrologic unit, and hydrologic unit modifications.  Each line has attributes that describe the HU level (1-8), originating source for that line and a metadata ID number that links the line to its associated metadata file.</abstract>
			<purpose>The watershed and subwatershed hydrologic unit boundaries provide a uniquely identified and uniform method of subdividing large drainage areas. These smaller sized hydrologic units (up to 250,000 acres) are useful in many programs supported by the NRCS and others.

This data set is intended as a tool for water-resource management and planning activities, particularly for site-specific and localized studies, which require the amount of detail provided by a large-scale map.</purpose>
			<supplinf>For additional information please refer to the following documents. ftp://ftp.or.blm.gov/gisweb/metadata/Data_Dict_Copy_from_Userguide.doc ftp://ftp.or.blm.gov/gisweb/metadata/HU_standards_061201.doc The following procedures were used to produce this data set:Hydrologic units were incorporated into this dataset from an aggregate of pre-existing HUs.  Some new HU boundaries were delineated using flow lines and basins computed from 10- and 30-meter horizontal resolution Digital Elevation data based on flow derived from the elevation grid to determine potential pour points.  The DEM data is derived from hypsography represented on 1:24000 USGS topographic quadrangles.  Additional hydrography data was used as a template to control pourpoint locations for the delineated HUs.</supplinf>
		</descript>
		<timeperd>
			<timeinfo>
				<sngdate>
					<caldate>REQUIRED: The year (and optionally month, or month and day) for which the data set corresponds to the ground.</caldate>
				</sngdate>
				<rngdates>
					<begdate>20031001</begdate>
					<begtime>unknown</begtime>
					<enddate>20060801</enddate>
					<endtime>unknown</endtime>
				</rngdates>
			</timeinfo>
			<current>publication date</current>
		</timeperd>
		<status>
			<progress>In work</progress>
			<update>As needed</update>
		</status>
		<spdom>
			<bounding>
				<westbc>
-124.75</westbc>
				<eastbc>
-116.375</eastbc>
				<northbc>
49</northbc>
				<southbc>
38</southbc>
			</bounding>
		</spdom>
		<keywords>
			<theme>
				<themekt>None</themekt>
				<themekey>Hydrologic units</themekey>
				<themekey>Watershed Boundaries</themekey>
				<themekey>Subwatershed Boundaries</themekey>
			</theme>
			<theme>
				<themekt>ISO 19115</themekt>
				<themekey>boundaries</themekey>
				<themekey>inlandWaters</themekey>
			</theme>
			<place>
				<placekt>BLM-State</placekt>
				<placekey>California</placekey>
				<placekey>Idaho</placekey>
				<placekey>Nevada</placekey>
				<placekey>Oregon</placekey>
				<placekey>Washington</placekey>
			</place>
		</keywords>
		<accconst>None</accconst>
		<useconst>The U.S. Department of Agriculture, Natural Resources Conservation Service, should be acknowledged as the data source in products derived from these data.  These data should not be used at scales greater than 1:24,000.

This is public information and may be interpreted by organizations, agencies, units of government, or others based on needs; however they are responsible for the appropriate application of the data.    Federal, state, or local regulatory bodies are not to reassign to the Natural Resources Conservation Service any authority for the decisions they make.  The Natural Resources Conservation Service will not perform any evaluations of these maps or purposes related solely to State or local regulatory programs.  Photographic or digital enlargement of these maps to scales greater than that at which they were originally delineated can cause misrepresentation of the data.  If enlarged, the maps will not include the fine detail that would be appropriate for mapping at the small scale.  Digital data files are periodically updated.  Files are dated, and users are responsible for obtaining the latest version of the data.

Contacts:</useconst>
		<ptcontac>
			<cntinfo>
				<cntorgp>
					<cntorg>OR BLM/USFS</cntorg>
					<cntper>Dan Wickwire / Ken Adee</cntper>
				</cntorgp>
				<cntaddr>
					<addrtype>mailing address</addrtype>
					<address>P.O. Box 2965</address>
					<city>Portland</city>
					<state>Oregon</state>
					<postal>97208</postal>
					<country>USA</country>
				</cntaddr>
				<cntvoice>503-808-6272</cntvoice>
				<cntemail>Dan_Wickwire@or.blm.gov</cntemail>
			</cntinfo>
		</ptcontac>
		<native>Windows_NT, 4.0, Intel ARC/INFO version 7.1.2</native>
	</idinfo>
	<dataqual>
		<lineage>
			<srcinfo>
				<srccite>
					<citeinfo>
						<origin>OR BLM</origin>
						<pubdate>19980731</pubdate>
						<title>Digital Elevation Model Collection (30 meter) Oregon</title>
						<pubinfo>
							<pubplace>Portland, OR</pubplace>
							<publish>OR BLM</publish>
						</pubinfo>
					</citeinfo>
				</srccite>
				<srctime>
					<timeinfo>
						<sngdate>
							<time>unknown</time>
						</sngdate>
					</timeinfo>
				</srctime>
				<srccitea>DEM30</srccitea>
				<srccontr>Line reference</srccontr>
			</srcinfo>
			<srcinfo>
				<srccite>
					<citeinfo>
						<origin>OR BLM</origin>
						<pubdate>19980731</pubdate>
						<title>Digital Elevation Model Collection (10 meter) Oregon</title>
						<pubinfo>
							<pubplace>Portland, OR</pubplace>
							<publish>OR BLM</publish>
						</pubinfo>
						<onlink>http://earthexplorer.usgs.gov</onlink>
					</citeinfo>
				</srccite>
				<srcscale>24000</srcscale>
				<typesrc>online</typesrc>
				<srctime>
					<timeinfo>
						<sngdate>
							<caldate>Unknown</caldate>
							<time>Unknown</time>
						</sngdate>
					</timeinfo>
					<srccurr>ground condition</srccurr>
				</srctime>
				<srccitea>DEM10</srccitea>
				<srccontr>Line reference</srccontr>
			</srcinfo>
			<srcinfo>
				<srccite>
					<citeinfo>
						<origin>USGS</origin>
						<pubdate>Unknown</pubdate>
						<pubtime>Unknown</pubtime>
						<title>Digital Line Graphs</title>
					</citeinfo>
				</srccite>
				<srctime>
					<timeinfo>
						<sngdate>
							<time>Unknown</time>
						</sngdate>
					</timeinfo>
				</srctime>
				<srccitea>DLG</srccitea>
				<srccontr>Lines</srccontr>
			</srcinfo>
			<procstep>
				<procdesc>Hydrologic units were incorporated into this dataset from an aggregate of pre-existing HU?s.

A number of new Hydrological Unit Boundaries were delineated using flow lines and basins computed from 10- and 30-meter horizontal resolution Digital Elevation data based on flow derived from the elevation grid to determine potential pour points.

The DEM data is derived from hypsography represented on 1:24000 USGS topographic quadrangles.

Additional hydrography data was used as a template to control pourpoint locations for the delineated HU?s.</procdesc>
				<srcused>DEM30</srcused>
				<srcused>DEM10</srcused>
				<srcused>DLG</srcused>
				<procdate>2002</procdate>
				<proctime>000000</proctime>
				<proccont>
					<cntinfo>
						<cntorgp>
							<cntorg>Titan Geospatial</cntorg>
							<cntper>Unknown</cntper>
						</cntorgp>
						<cntvoice>Unknown</cntvoice>
						<cnttdd>503-794-1344</cnttdd>
						<cntemail>Unknown</cntemail>
					</cntinfo>
				</proccont>
			</procstep>
			<procstep>
				<procdesc>This data is continuously being updated by Framework partners. All modifications follow Federal Standards for the deliniation of Hydrologic Unit Boundaries.</procdesc>
				<procdate>Unknown</procdate>
				<proccont>
					<cntinfo>
						<cntperp>
							<cntper>Dan Wickwire</cntper>
							<cntorg>OR/BLM</cntorg>
						</cntperp>
						<cntaddr>
							<addrtype>mailing address</addrtype>
							<address>P.O. Box 2965</address>
							<city>Portland</city>
							<state>OR</state>
							<postal>97208</postal>
							<country>USA</country>
						</cntaddr>
						<cntvoice>503-808-6272</cntvoice>
						<cntemail>Dan_Wickwire@or.blm.gov</cntemail>
					</cntinfo>
				</proccont>
			</procstep>
			<procstep>
				<procdesc>Metadata imported.</procdesc>
				<srcused>S:\955\Metadata\orso_vctr_metadata\HydrologicUnitBoundariesforOregon,Washington,andCalifornia(GeographicNAD83).xml</srcused>
			</procstep>
			<procstep><procdesc Sync="TRUE">Dataset copied.</procdesc><srcused Sync="TRUE"></srcused><date Sync="TRUE">20070509</date><time Sync="TRUE">14560700</time></procstep></lineage>
		<cloud>0</cloud>
	</dataqual>
	<spdoinfo>
		<indspref>Oregon, Washington, California, Idaho</indspref>
		<direct>Vector</direct>
		<ptvctinf>
			<sdtsterm>
				<sdtstype>Complete chain</sdtstype>
				<ptvctcnt>2045395</ptvctcnt>
			</sdtsterm>
			<sdtsterm>
				<sdtstype>Label point</sdtstype>
				<ptvctcnt>6198</ptvctcnt>
			</sdtsterm>
			<sdtsterm>
				<sdtstype>GT-polygon composed of chains</sdtstype>
				<ptvctcnt>6198</ptvctcnt>
			</sdtsterm>
			<sdtsterm>
				<sdtstype>Point</sdtstype>
				<ptvctcnt>1020</ptvctcnt>
			</sdtsterm>
			<sdtsterm>
				<sdtstype>Composite object</sdtstype>
				<ptvctcnt>3</ptvctcnt>
			</sdtsterm>
			<sdtsterm>
				<sdtstype>Composite object</sdtstype>
				<ptvctcnt>17</ptvctcnt>
			</sdtsterm>
			<sdtsterm>
				<sdtstype>Composite object</sdtstype>
				<ptvctcnt>25</ptvctcnt>
			</sdtsterm>
			<sdtsterm>
				<sdtstype>Composite object</sdtstype>
				<ptvctcnt>200</ptvctcnt>
			</sdtsterm>
			<sdtsterm>
				<sdtstype>Composite object</sdtstype>
				<ptvctcnt>1158</ptvctcnt>
			</sdtsterm>
			<sdtsterm>
				<sdtstype>Composite object</sdtstype>
				<ptvctcnt>5859</ptvctcnt>
			</sdtsterm>
			<sdtsterm>
				<sdtstype>Composite object</sdtstype>
				<ptvctcnt>435</ptvctcnt>
			</sdtsterm>
		</ptvctinf>
	</spdoinfo>
	<spref>
		<horizsys>
			<planar>
				<mapproj>
					<mapprojn>Lambert Conformal Conic</mapprojn>
					<lambertc>
						<stdparll>43.000000</stdparll>
						<stdparll>45.500000</stdparll>
						<longcm>-120.500000</longcm>
						<latprjo>41.750000</latprjo>
						<feast>1312335.958005</feast>
						<fnorth>0.000000</fnorth>
					</lambertc>
				</mapproj>
				<planci>
					<plance>coordinate pair</plance>
					<coordrep>
						<absres>0.008333</absres>
						<ordres>0.008333</ordres>
					</coordrep>
					<plandu>international feet</plandu>
				</planci>
			</planar>
			<geodetic>
				<horizdn>North American Datum of 1983</horizdn>
				<ellips>Geodetic Reference System 80</ellips>
				<semiaxis>6378137</semiaxis>
				<denflat>298.257</denflat>
			</geodetic>
		</horizsys>
		<vertdef>
			<altsys>
				<altres>0.000010</altres>
				<altenc>Explicit elevation coordinate included with horizontal coordinates</altenc>
			</altsys>
		</vertdef>
	</spref>
	<eainfo>
		<detailed>
			<enttyp>
				<enttypl>
WATERSHED.PAT</enttypl>
				<enttypd>Polygon attributes for the hydrologic units</enttypd>
				<enttypds>various</enttypds>
			</enttyp>
			<attr>
				<attrlabl>acres</attrlabl>
				<attrdef>Area of polygon in GIS acres</attrdef>
				<attrdefs>Computed</attrdefs>
			</attr>
			<attr>
				<attrlabl>ds_huc5</attrlabl>
				<attrdef>Fifth Level Downstream HUC- This item represents the hydrologic unit code of the 5th level hydrologic unit receiving the majority of the downstream flow.  Outlets created by ditching or other artificial drainage are not to be considered.</attrdef>
				<attrdefs>NRCS</attrdefs>
			</attr>
			<attr>
				<attrlabl>watershed</attrlabl>
				<attrdef>5th Field Hydrologic Unit Code</attrdef>
				<attrdefs>Based on data from HUC_NUM item</attrdefs>
			</attr>
			<attr>
				<attrlabl>watershed_name</attrlabl>
				<attrdef>5th Field Hydrologic Unit Naming Protocol</attrdef>
				<attrdefs>NRCS</attrdefs>
			</attr>
			<attr>
				<attrlabl>OBJECTID</attrlabl>
				<attrdef>Internal feature number.</attrdef>
				<attrdefs>ESRI</attrdefs>
				<attrdomv>
					<udom>Sequential unique whole numbers that are automatically generated.</udom>
				</attrdomv>
			</attr>
			<attr>
				<attrlabl>Shape</attrlabl>
				<attrdef>Feature geometry.</attrdef>
				<attrdefs>ESRI</attrdefs>
				<attrdomv>
					<udom>Coordinates defining the features.</udom>
				</attrdomv>
			</attr>
			<attr>
				<attrlabl>AREA</attrlabl>
			</attr>
			<attr>
				<attrlabl>PERIMETER</attrlabl>
			</attr>
			<attr>
				<attrlabl>HUC5_</attrlabl>
			</attr>
			<attr>
				<attrlabl>HUC5_ID</attrlabl>
			</attr>
			<attr>
				<attrlabl>ACRES</attrlabl>
			</attr>
			<attr>
				<attrlabl>WATERSHED</attrlabl>
			</attr>
			<attr>
				<attrlabl>WATERSHED_NAME</attrlabl>
			</attr>
			<attr>
				<attrlabl>DS_HUC5</attrlabl>
			</attr>
			<attr>
				<attrlabl>Shape_Length</attrlabl>
				<attrdef>Length of feature in internal units.</attrdef>
				<attrdefs>ESRI</attrdefs>
				<attrdomv>
					<udom>Positive real numbers that are automatically generated.</udom>
				</attrdomv>
			</attr>
			<attr>
				<attrlabl>Shape_Area</attrlabl>
				<attrdef>Area of feature in internal units squared.</attrdef>
				<attrdefs>ESRI</attrdefs>
				<attrdomv>
					<udom>Positive real numbers that are automatically generated.</udom>
				</attrdomv>
			</attr>
		</detailed>
		<detailed>
			<enttyp>
				<enttypl>
WATERSHED.AAT</enttypl>
				<enttypd>Arc attributes as it relates to the hydrologic units</enttypd>
				<enttypds>various</enttypds>
			</enttyp>
			<attr>
				<attrlabl>comment</attrlabl>
				<attrdef>This item may include any additional information that pertains to the hydrologic units boundary line's history or general characteristics that cannot be adequately described in previous items.</attrdef>
				<attrdefs>Various</attrdefs>
			</attr>
			<attr>
				<attrlabl>huc_level</attrlabl>
				<attrdef>This item is used to identify the hydrologic unit groupings a given line segment belongs to.</attrdef>
				<attrdomv>
					<edom>
						<edomv>1</edomv>
						<edomvd>1st Level Unit Boundary</edomvd>
					</edom>
					<edom>
						<edomv>2</edomv>
						<edomvd>2nd Level Unit Boundary, NOT Shared with a 1st Level Unit Boundary</edomvd>
					</edom>
					<edom>
						<edomv>3</edomv>
						<edomvd>3rd Level Unit Boundary, NOT Shared with 1st or 2nd Level Unit Boundary</edomvd>
					</edom>
					<edom>
						<edomv>4</edomv>
						<edomvd>4th Level Unit Boundary, NOT Shared with 1st - 3rd Level Unit Boundary</edomvd>
					</edom>
					<edom>
						<edomv>5</edomv>
						<edomvd>5th Level Unit Boundary, NOT Shared with 1st - 4th Level Unit Boundary</edomvd>
					</edom>
					<edom>
						<edomv>6</edomv>
						<edomvd>6th Level Unit Boundary, NOT Shared with 1st - 5th Level Unit Boundary</edomvd>
					</edom>
					<edom>
						<edomv>7</edomv>
						<edomvd>7th Level Unit Boundary, NOT Shared with 1st - 6th Level Unit Boundary</edomvd>
					</edom>
					<edom>
						<edomv>8</edomv>
						<edomvd>8th Level Unit Boundary, NOT Shared with 1st - 7th Level Unit Boundary</edomvd>
					</edom>
				</attrdomv>
			</attr>
			<attr>
				<attrlabl>linedate</attrlabl>
				<attrdef>Date that the last line edit was performed.</attrdef>
				<attrdefs>Various</attrdefs>
			</attr>
			<attr>
				<attrlabl>lineorg</attrlabl>
				<attrdef>The organization who performed the last spatial edit to a given line segment.</attrdef>
				<attrdomv>
					<udom>Domain Value: CLAMS
Domain Value Definition: Coastal Landscape Analysis and Modeling Study
Domain Value: IRICC
Domain Value Definition: Intergovernmental Resource Information Coordinating Council
Domain Value: LVWFBR
Domain Value Definition: Longview Fiber Company
Domain Value: NMFS
Domain Value Definition: National Marine Fisheries Service
Domain Value: NRCS
Domain Value Definition: Natural Resources Conservation Service
Domain Value: NWIFC
Domain Value Definition: Northwest Indian Fisheries Commission
Domain Value: ODEQ
Domain Value Definition: OR Dept. of Environmental Quality
Domain Value: ODF
Domain Value Definition: OR Dept. of Forestry
Domain Value: REO
Domain Value Definition: REO (Regional Ecosystem Office). These are lines that were created from REO coverage last updated October 1998.
Domain Value: SNPSN
Domain Value Definition: Simpson Timber Company
Domain Value: UNKNOWN
Domain Value Definition: Unknown input organization
Domain Value: USACE
Domain Value Definition: U.S. Army Corps of Engineers
Domain Value: USBLM-BUR
Domain Value Definition: U.S. Bureau of Land Management - BURNS
Domain Value: USBLM-CSB
Domain Value Definition: U.S. Bureau of Land Management - COOS_BAY
Domain Value: USBLM-EUG
Domain Value Definition: U.S. Bureau of Land Management - EUGENE
Domain Value: USBLM-LKE
Domain Value Definition: U.S. Bureau of Land Management - LAKEVIEW
Domain Value: USBLM-MED
Domain Value Definition: U.S. Bureau of Land Management - MEDFORD
Domain Value: USBLM-OSO
Domain Value Definition: U.S. Bureau of Land Management - OREGON STATE OFFICE
Domain Value: USBLM-PNV
Domain Value Definition: U.S. Bureau of Land Management - PRINEVILLE
Domain Value: USBLM-RSB
Domain Value Definition: U.S. Bureau of Land Management - ROSEBURG
Domain Value: USBLM-SLM
Domain Value Definition: U.S. Bureau of Land Management - SALEM
Domain Value: USBLM-VAL
Domain Value Definition: U.S. Bureau of Land Management - VALE
Domain Value: USBR
Domain Value Definition: U.S. Bureau of Reclamation
Domain Value: USBPA
Domain Value Definition: U.S. Bonneville Power Administration
Domain Value: USEPA-R10
Domain Value Definition: U.S. Environmental Protection Agency - Region 10
Domain Value: USFS-DES
Domain Value Definition: U.S. Forest Service - DESCHUTES
Domain Value: USFS-FRE
Domain Value Definition: U.S. Forest Service - FREMONT
Domain Value: USFS-KAL
Domain Value Definition: U.S. Forest Service - KALMATH
Domain Value: USFS-MAL
Domain Value Definition: U.S. Forest Service - MALHEUR
Domain Value: USFS-MTH
Domain Value Definition: U.S. Forest Service - MT HOOD
Domain Value: USFS-OCH
Domain Value Definition: U.S. Forest Service - OCHOCO
Domain Value: USFS-ROG
Domain Value Definition: U.S. Forest Service - ROGUE RIVER
Domain Value: USFS-R6
Domain Value Definition: U.S. Forest Service - REGION SIX SUPERVISORS OFFICE
Domain Value: USFS-SIS
Domain Value Definition: U.S. Forest Service - SISKIYOU
Domain Value: USFS-SIU
Domain Value Definition: U.S. Forest Service - SIUSLAW
Domain Value: USFS-SIX
Domain Value Definition: U.S. Forest Service - SIX RIVERS
Domain Value: USFS-UMA
Domain Value Definition: U.S. Forest Service - UMATILLA
Domain Value: USFS-UMP
Domain Value Definition: U.S. Forest Service - UMPQUA
Domain Value: USFS-WAL
Domain Value Definition: U.S. Forest Service - WALLOWA WHITMAN
Domain Value: USFS-WIL
Domain Value Definition: U.S. Forest Service - WILLAMETTE
Domain Value: USFS-WIN
Domain Value Definition: U.S. Forest Service - WINEMA
Domain Value: USFWS
Domain Value Definition: U.S. Fish and Wildlife Service
Domain Value: USGS
Domain Value Definition: U.S. Geological Survey

Domain Value: USGS-NMD
Domain Value Definition: U.S. Geological Survey - National Mapping Division
Domain Value: USNPS
Domain Value Definition: U.S. National Park Service
Domain Value: WEYHSR
Domain Value Definition: Weyerhaeuser Company</udom>
				</attrdomv>
			</attr>
			<attr>
				<attrlabl>linesource</attrlabl>
				<attrdef>Information related to the original spatial data source from which the boundary line was derived.</attrdef>
				<attrdomv>
					<edom>
						<edomv>DRG24</edomv>
						<edomvd>USGS 1:24,000 Digital Raster Graphics (DRG)</edomvd>
					</edom>
					<edom>
						<edomv>TVC23</edomv>
						<edomvd>USGS 1:24,000 Tagged Vector Contours (TVC)</edomvd>
					</edom>
					<edom>
						<edomv>DEM10</edomv>
						<edomvd>Derived from 10 Meter Digital Elevation Model (Surface modeling)</edomvd>
					</edom>
					<edom>
						<edomv>DEM30</edomv>
						<edomvd>Derived from 30 Meter Digital Elevation Model (Surface modeling)</edomvd>
					</edom>
					<edom>
						<edomv>DLG</edomv>
						<edomvd>USGS Digital Line Graph</edomvd>
					</edom>
					<edom>
						<edomv>UNK</edomv>
						<edomvd>Unknown</edomvd>
					</edom>
				</attrdomv>
			</attr>
			<attr>
				<attrlabl>linever</attrlabl>
				<attrdef>Line Edit Verification- Indicates which level in a series of quality control checks the hydrologic boundary has undergone prior to being accepted as part of the finalized dataset. * Only verification levels of 4 and 5 will be included in the regional dataset.</attrdef>
				<attrdomv>
					<edom>
						<edomv>1</edomv>
						<edomvd>Initial Draft Line</edomvd>
					</edom>
					<edom>
						<edomv>2</edomv>
						<edomvd>Line accuracy certified by local hydrologist</edomvd>
					</edom>
					<edom>
						<edomv>3</edomv>
						<edomvd>Line accuracy certified by ALL local participating organizations</edomvd>
					</edom>
					<edom>
						<edomv>4</edomv>
						<edomvd>Line accuracy certified by Pacific Northwest stewards</edomvd>
					</edom>
					<edom>
						<edomv>5</edomv>
						<edomvd>Line accuracy certified by National stewards</edomvd>
					</edom>
				</attrdomv>
			</attr>
			<attr>
				<attrlabl>metadata_id</attrlabl>
				<attrdef>Metadata ID is a code that identifies which metadata file applies to the arc.</attrdef>
			</attr>
		</detailed>
		<detailed>
			<enttyp>
				<enttypl>
reohucv1.pathuc1</enttypl>
			</enttyp>
			<attr>
				<attrlabl>acres</attrlabl>
			</attr>
			<attr>
				<attrlabl>area</attrlabl>
				<attrdef>Area of feature in internal units squared.</attrdef>
				<attrdefs>ESRI</attrdefs>
				<attrdomv>
					<udom>Positive real numbers that are automatically generated.</udom>
				</attrdomv>
			</attr>
			<attr>
				<attrlabl>comment</attrlabl>
			</attr>
			<attr>
				<attrlabl>fid</attrlabl>
				<attrdef>Internal feature number.</attrdef>
				<attrdefs>ESRI</attrdefs>
				<attrdomv>
					<udom>Sequential unique whole numbers that are automatically generated.</udom>
				</attrdomv>
			</attr>
			<attr>
				<attrlabl>first_field</attrlabl>
			</attr>
			<attr>
				<attrlabl>huc_mod</attrlabl>
			</attr>
			<attr>
				<attrlabl>huc_num</attrlabl>
			</attr>
			<attr>
				<attrlabl>huc_type</attrlabl>
			</attr>
			<attr>
				<attrlabl>huc1#</attrlabl>
				<attrdef>Internal feature number.</attrdef>
				<attrdefs>ESRI</attrdefs>
				<attrdomv>
					<udom>Sequential unique whole numbers that are automatically generated.</udom>
				</attrdomv>
			</attr>
			<attr>
				<attrlabl>huc1-id</attrlabl>
				<attrdef>User-defined feature number.</attrdef>
				<attrdefs>ESRI</attrdefs>
			</attr>
			<attr>
				<attrlabl>ncontrib_da</attrlabl>
			</attr>
			<attr>
				<attrlabl>perimeter</attrlabl>
				<attrdef>Perimeter of feature in internal units.</attrdef>
				<attrdefs>ESRI</attrdefs>
				<attrdomv>
					<udom>Positive real numbers that are automatically generated.</udom>
				</attrdomv>
			</attr>
			<attr>
				<attrlabl>region</attrlabl>
			</attr>
			<attr>
				<attrlabl>region_name</attrlabl>
			</attr>
			<attr>
				<attrlabl>shape</attrlabl>
				<attrdef>Feature geometry.</attrdef>
				<attrdefs>ESRI</attrdefs>
				<attrdomv>
					<udom>Coordinates defining the features.</udom>
				</attrdomv>
			</attr>
			<attr>
				<attrlabl>states</attrlabl>
			</attr>
		</detailed>
		<detailed>
			<enttyp>
				<enttypl>
reohucv1.pathuc2</enttypl>
			</enttyp>
			<attr>
				<attrlabl>acres</attrlabl>
			</attr>
			<attr>
				<attrlabl>area</attrlabl>
				<attrdef>Area of feature in internal units squared.</attrdef>
				<attrdefs>ESRI</attrdefs>
				<attrdomv>
					<udom>Positive real numbers that are automatically generated.</udom>
				</attrdomv>
			</attr>
			<attr>
				<attrlabl>comment</attrlabl>
			</attr>
			<attr>
				<attrlabl>fid</attrlabl>
				<attrdef>Internal feature number.</attrdef>
				<attrdefs>ESRI</attrdefs>
				<attrdomv>
					<udom>Sequential unique whole numbers that are automatically generated.</udom>
				</attrdomv>
			</attr>
			<attr>
				<attrlabl>first_field</attrlabl>
			</attr>
			<attr>
				<attrlabl>huc_mod</attrlabl>
			</attr>
			<attr>
				<attrlabl>huc_num</attrlabl>
			</attr>
			<attr>
				<attrlabl>huc_type</attrlabl>
			</attr>
			<attr>
				<attrlabl>huc2#</attrlabl>
				<attrdef>Internal feature number.</attrdef>
				<attrdefs>ESRI</attrdefs>
				<attrdomv>
					<udom>Sequential unique whole numbers that are automatically generated.</udom>
				</attrdomv>
			</attr>
			<attr>
				<attrlabl>huc2-id</attrlabl>
				<attrdef>User-defined feature number.</attrdef>
				<attrdefs>ESRI</attrdefs>
			</attr>
			<attr>
				<attrlabl>ncontrib_da</attrlabl>
			</attr>
			<attr>
				<attrlabl>perimeter</attrlabl>
				<attrdef>Perimeter of feature in internal units.</attrdef>
				<attrdefs>ESRI</attrdefs>
				<attrdomv>
					<udom>Positive real numbers that are automatically generated.</udom>
				</attrdomv>
			</attr>
			<attr>
				<attrlabl>region</attrlabl>
			</attr>
			<attr>
				<attrlabl>region_name</attrlabl>
			</attr>
			<attr>
				<attrlabl>second_field</attrlabl>
			</attr>
			<attr>
				<attrlabl>shape</attrlabl>
				<attrdef>Feature geometry.</attrdef>
				<attrdefs>ESRI</attrdefs>
				<attrdomv>
					<udom>Coordinates defining the features.</udom>
				</attrdomv>
			</attr>
			<attr>
				<attrlabl>states</attrlabl>
			</attr>
			<attr>
				<attrlabl>subregion</attrlabl>
			</attr>
			<attr>
				<attrlabl>subregion_name</attrlabl>
			</attr>
		</detailed>
		<detailed>
			<enttyp>
				<enttypl>
reohucv1.pathuc3</enttypl>
			</enttyp>
			<attr>
				<attrlabl>acres</attrlabl>
			</attr>
			<attr>
				<attrlabl>area</attrlabl>
				<attrdef>Area of feature in internal units squared.</attrdef>
				<attrdefs>ESRI</attrdefs>
				<attrdomv>
					<udom>Positive real numbers that are automatically generated.</udom>
				</attrdomv>
			</attr>
			<attr>
				<attrlabl>basin</attrlabl>
			</attr>
			<attr>
				<attrlabl>basin_name</attrlabl>
			</attr>
			<attr>
				<attrlabl>comment</attrlabl>
			</attr>
			<attr>
				<attrlabl>fid</attrlabl>
				<attrdef>Internal feature number.</attrdef>
				<attrdefs>ESRI</attrdefs>
				<attrdomv>
					<udom>Sequential unique whole numbers that are automatically generated.</udom>
				</attrdomv>
			</attr>
			<attr>
				<attrlabl>first_field</attrlabl>
			</attr>
			<attr>
				<attrlabl>huc_mod</attrlabl>
			</attr>
			<attr>
				<attrlabl>huc_num</attrlabl>
			</attr>
			<attr>
				<attrlabl>huc_type</attrlabl>
			</attr>
			<attr>
				<attrlabl>huc3#</attrlabl>
				<attrdef>Internal feature number.</attrdef>
				<attrdefs>ESRI</attrdefs>
				<attrdomv>
					<udom>Sequential unique whole numbers that are automatically generated.</udom>
				</attrdomv>
			</attr>
			<attr>
				<attrlabl>huc3-id</attrlabl>
				<attrdef>User-defined feature number.</attrdef>
				<attrdefs>ESRI</attrdefs>
			</attr>
			<attr>
				<attrlabl>ncontrib_da</attrlabl>
			</attr>
			<attr>
				<attrlabl>perimeter</attrlabl>
				<attrdef>Perimeter of feature in internal units.</attrdef>
				<attrdefs>ESRI</attrdefs>
				<attrdomv>
					<udom>Positive real numbers that are automatically generated.</udom>
				</attrdomv>
			</attr>
			<attr>
				<attrlabl>region</attrlabl>
			</attr>
			<attr>
				<attrlabl>region_name</attrlabl>
			</attr>
			<attr>
				<attrlabl>second_field</attrlabl>
			</attr>
			<attr>
				<attrlabl>shape</attrlabl>
				<attrdef>Feature geometry.</attrdef>
				<attrdefs>ESRI</attrdefs>
				<attrdomv>
					<udom>Coordinates defining the features.</udom>
				</attrdomv>
			</attr>
			<attr>
				<attrlabl>states</attrlabl>
			</attr>
			<attr>
				<attrlabl>subregion</attrlabl>
			</attr>
			<attr>
				<attrlabl>subregion_name</attrlabl>
			</attr>
			<attr>
				<attrlabl>third_field</attrlabl>
			</attr>
		</detailed>
		<detailed>
			<enttyp>
				<enttypl>
reohucv1.pathuc4</enttypl>
			</enttyp>
			<attr>
				<attrlabl>acres</attrlabl>
			</attr>
			<attr>
				<attrlabl>area</attrlabl>
				<attrdef>Area of feature in internal units squared.</attrdef>
				<attrdefs>ESRI</attrdefs>
				<attrdomv>
					<udom>Positive real numbers that are automatically generated.</udom>
				</attrdomv>
			</attr>
			<attr>
				<attrlabl>basin</attrlabl>
			</attr>
			<attr>
				<attrlabl>basin_name</attrlabl>
			</attr>
			<attr>
				<attrlabl>comment</attrlabl>
			</attr>
			<attr>
				<attrlabl>fid</attrlabl>
				<attrdef>Internal feature number.</attrdef>
				<attrdefs>ESRI</attrdefs>
				<attrdomv>
					<udom>Sequential unique whole numbers that are automatically generated.</udom>
				</attrdomv>
			</attr>
			<attr>
				<attrlabl>first_field</attrlabl>
			</attr>
			<attr>
				<attrlabl>fourth_field</attrlabl>
			</attr>
			<attr>
				<attrlabl>huc_mod</attrlabl>
			</attr>
			<attr>
				<attrlabl>huc_num</attrlabl>
			</attr>
			<attr>
				<attrlabl>huc_type</attrlabl>
			</attr>
			<attr>
				<attrlabl>huc4#</attrlabl>
				<attrdef>Internal feature number.</attrdef>
				<attrdefs>ESRI</attrdefs>
				<attrdomv>
					<udom>Sequential unique whole numbers that are automatically generated.</udom>
				</attrdomv>
			</attr>
			<attr>
				<attrlabl>huc4-id</attrlabl>
				<attrdef>User-defined feature number.</attrdef>
				<attrdefs>ESRI</attrdefs>
			</attr>
			<attr>
				<attrlabl>noncontrib_da</attrlabl>
			</attr>
			<attr>
				<attrlabl>perimeter</attrlabl>
				<attrdef>Perimeter of feature in internal units.</attrdef>
				<attrdefs>ESRI</attrdefs>
				<attrdomv>
					<udom>Positive real numbers that are automatically generated.</udom>
				</attrdomv>
			</attr>
			<attr>
				<attrlabl>region</attrlabl>
			</attr>
			<attr>
				<attrlabl>region_name</attrlabl>
			</attr>
			<attr>
				<attrlabl>second_field</attrlabl>
			</attr>
			<attr>
				<attrlabl>shape</attrlabl>
				<attrdef>Feature geometry.</attrdef>
				<attrdefs>ESRI</attrdefs>
				<attrdomv>
					<udom>Coordinates defining the features.</udom>
				</attrdomv>
			</attr>
			<attr>
				<attrlabl>states</attrlabl>
			</attr>
			<attr>
				<attrlabl>subbasin</attrlabl>
			</attr>
			<attr>
				<attrlabl>subbasin_name</attrlabl>
			</attr>
			<attr>
				<attrlabl>subregion</attrlabl>
			</attr>
			<attr>
				<attrlabl>subregion_name</attrlabl>
			</attr>
			<attr>
				<attrlabl>third_field</attrlabl>
			</attr>
		</detailed>
		<detailed>
			<enttyp>
				<enttypl>
reohucv1.pathuc5</enttypl>
			</enttyp>
			<attr>
				<attrlabl>acres</attrlabl>
			</attr>
			<attr>
				<attrlabl>area</attrlabl>
				<attrdef>Area of feature in internal units squared.</attrdef>
				<attrdefs>ESRI</attrdefs>
				<attrdomv>
					<udom>Positive real numbers that are automatically generated.</udom>
				</attrdomv>
			</attr>
			<attr>
				<attrlabl>basin</attrlabl>
			</attr>
			<attr>
				<attrlabl>basin_name</attrlabl>
			</attr>
			<attr>
				<attrlabl>comment</attrlabl>
			</attr>
			<attr>
				<attrlabl>ds_huc5</attrlabl>
			</attr>
			<attr>
				<attrlabl>fid</attrlabl>
				<attrdef>Internal feature number.</attrdef>
				<attrdefs>ESRI</attrdefs>
				<attrdomv>
					<udom>Sequential unique whole numbers that are automatically generated.</udom>
				</attrdomv>
			</attr>
			<attr>
				<attrlabl>fifth_field</attrlabl>
			</attr>
			<attr>
				<attrlabl>first_field</attrlabl>
			</attr>
			<attr>
				<attrlabl>fourth_field</attrlabl>
			</attr>
			<attr>
				<attrlabl>huc_mod</attrlabl>
			</attr>
			<attr>
				<attrlabl>huc_num</attrlabl>
			</attr>
			<attr>
				<attrlabl>huc_type</attrlabl>
			</attr>
			<attr>
				<attrlabl>huc5#</attrlabl>
				<attrdef>Internal feature number.</attrdef>
				<attrdefs>ESRI</attrdefs>
				<attrdomv>
					<udom>Sequential unique whole numbers that are automatically generated.</udom>
				</attrdomv>
			</attr>
			<attr>
				<attrlabl>huc5-id</attrlabl>
				<attrdef>User-defined feature number.</attrdef>
				<attrdefs>ESRI</attrdefs>
			</attr>
			<attr>
				<attrlabl>ncontrib_da</attrlabl>
			</attr>
			<attr>
				<attrlabl>perimeter</attrlabl>
				<attrdef>Perimeter of feature in internal units.</attrdef>
				<attrdefs>ESRI</attrdefs>
				<attrdomv>
					<udom>Positive real numbers that are automatically generated.</udom>
				</attrdomv>
			</attr>
			<attr>
				<attrlabl>region</attrlabl>
			</attr>
			<attr>
				<attrlabl>region_name</attrlabl>
			</attr>
			<attr>
				<attrlabl>second_field</attrlabl>
			</attr>
			<attr>
				<attrlabl>shape</attrlabl>
				<attrdef>Feature geometry.</attrdef>
				<attrdefs>ESRI</attrdefs>
				<attrdomv>
					<udom>Coordinates defining the features.</udom>
				</attrdomv>
			</attr>
			<attr>
				<attrlabl>states</attrlabl>
			</attr>
			<attr>
				<attrlabl>subbasin</attrlabl>
			</attr>
			<attr>
				<attrlabl>subbasin_name</attrlabl>
			</attr>
			<attr>
				<attrlabl>subregion</attrlabl>
			</attr>
			<attr>
				<attrlabl>subregion_name</attrlabl>
			</attr>
			<attr>
				<attrlabl>third_field</attrlabl>
			</attr>
			<attr>
				<attrlabl>watershed</attrlabl>
			</attr>
			<attr>
				<attrlabl>watershed_name</attrlabl>
			</attr>
		</detailed>
		<detailed>
			<enttyp>
				<enttypl>
reohucv1.pathuc6</enttypl>
			</enttyp>
			<attr>
				<attrlabl>acres</attrlabl>
			</attr>
			<attr>
				<attrlabl>area</attrlabl>
				<attrdef>Area of feature in internal units squared.</attrdef>
				<attrdefs>ESRI</attrdefs>
				<attrdomv>
					<udom>Positive real numbers that are automatically generated.</udom>
				</attrdomv>
			</attr>
			<attr>
				<attrlabl>basin</attrlabl>
			</attr>
			<attr>
				<attrlabl>basin_name</attrlabl>
			</attr>
			<attr>
				<attrlabl>comment</attrlabl>
			</attr>
			<attr>
				<attrlabl>ds_huc5</attrlabl>
			</attr>
			<attr>
				<attrlabl>ds_huc6</attrlabl>
			</attr>
			<attr>
				<attrlabl>fid</attrlabl>
				<attrdef>Internal feature number.</attrdef>
				<attrdefs>ESRI</attrdefs>
				<attrdomv>
					<udom>Sequential unique whole numbers that are automatically generated.</udom>
				</attrdomv>
			</attr>
			<attr>
				<attrlabl>fifth_field</attrlabl>
			</attr>
			<attr>
				<attrlabl>first_field</attrlabl>
			</attr>
			<attr>
				<attrlabl>fourth_field</attrlabl>
			</attr>
			<attr>
				<attrlabl>huc_mod</attrlabl>
			</attr>
			<attr>
				<attrlabl>huc_num</attrlabl>
			</attr>
			<attr>
				<attrlabl>huc_type</attrlabl>
			</attr>
			<attr>
				<attrlabl>huc6#</attrlabl>
				<attrdef>Internal feature number.</attrdef>
				<attrdefs>ESRI</attrdefs>
				<attrdomv>
					<udom>Sequential unique whole numbers that are automatically generated.</udom>
				</attrdomv>
			</attr>
			<attr>
				<attrlabl>huc6-id</attrlabl>
				<attrdef>User-defined feature number.</attrdef>
				<attrdefs>ESRI</attrdefs>
			</attr>
			<attr>
				<attrlabl>ncontrib_da</attrlabl>
			</attr>
			<attr>
				<attrlabl>old_hucnum</attrlabl>
			</attr>
			<attr>
				<attrlabl>perimeter</attrlabl>
				<attrdef>Perimeter of feature in internal units.</attrdef>
				<attrdefs>ESRI</attrdefs>
				<attrdomv>
					<udom>Positive real numbers that are automatically generated.</udom>
				</attrdomv>
			</attr>
			<attr>
				<attrlabl>region</attrlabl>
			</attr>
			<attr>
				<attrlabl>region_name</attrlabl>
			</attr>
			<attr>
				<attrlabl>second_field</attrlabl>
			</attr>
			<attr>
				<attrlabl>shape</attrlabl>
				<attrdef>Feature geometry.</attrdef>
				<attrdefs>ESRI</attrdefs>
				<attrdomv>
					<udom>Coordinates defining the features.</udom>
				</attrdomv>
			</attr>
			<attr>
				<attrlabl>sixth_field</attrlabl>
			</attr>
			<attr>
				<attrlabl>states</attrlabl>
			</attr>
			<attr>
				<attrlabl>subbasin</attrlabl>
			</attr>
			<attr>
				<attrlabl>subbasin_name</attrlabl>
			</attr>
			<attr>
				<attrlabl>subregion</attrlabl>
			</attr>
			<attr>
				<attrlabl>subregion_name</attrlabl>
			</attr>
			<attr>
				<attrlabl>subwat</attrlabl>
			</attr>
			<attr>
				<attrlabl>subwat_name</attrlabl>
			</attr>
			<attr>
				<attrlabl>third_field</attrlabl>
			</attr>
			<attr>
				<attrlabl>watershed</attrlabl>
			</attr>
			<attr>
				<attrlabl>watershed_name</attrlabl>
			</attr>
		</detailed>
		<detailed>
			<enttyp>
				<enttypl>
reohucv1.pathuc7</enttypl>
			</enttyp>
			<attr>
				<attrlabl>acres</attrlabl>
			</attr>
			<attr>
				<attrlabl>area</attrlabl>
				<attrdef>Area of feature in internal units squared.</attrdef>
				<attrdefs>ESRI</attrdefs>
				<attrdomv>
					<udom>Positive real numbers that are automatically generated.</udom>
				</attrdomv>
			</attr>
			<attr>
				<attrlabl>basin</attrlabl>
			</attr>
			<attr>
				<attrlabl>basin_name</attrlabl>
			</attr>
			<attr>
				<attrlabl>catchment</attrlabl>
			</attr>
			<attr>
				<attrlabl>catchment_name</attrlabl>
			</attr>
			<attr>
				<attrlabl>comment</attrlabl>
			</attr>
			<attr>
				<attrlabl>ds_huc5</attrlabl>
			</attr>
			<attr>
				<attrlabl>ds_huc6</attrlabl>
			</attr>
			<attr>
				<attrlabl>fid</attrlabl>
				<attrdef>Internal feature number.</attrdef>
				<attrdefs>ESRI</attrdefs>
				<attrdomv>
					<udom>Sequential unique whole numbers that are automatically generated.</udom>
				</attrdomv>
			</attr>
			<attr>
				<attrlabl>fifth_field</attrlabl>
			</attr>
			<attr>
				<attrlabl>first_field</attrlabl>
			</attr>
			<attr>
				<attrlabl>fourth_field</attrlabl>
			</attr>
			<attr>
				<attrlabl>huc_mod</attrlabl>
			</attr>
			<attr>
				<attrlabl>huc_num</attrlabl>
			</attr>
			<attr>
				<attrlabl>huc_type</attrlabl>
			</attr>
			<attr>
				<attrlabl>huc7#</attrlabl>
				<attrdef>Internal feature number.</attrdef>
				<attrdefs>ESRI</attrdefs>
				<attrdomv>
					<udom>Sequential unique whole numbers that are automatically generated.</udom>
				</attrdomv>
			</attr>
			<attr>
				<attrlabl>huc7-id</attrlabl>
				<attrdef>User-defined feature number.</attrdef>
				<attrdefs>ESRI</attrdefs>
			</attr>
			<attr>
				<attrlabl>ncontrib_da</attrlabl>
			</attr>
			<attr>
				<attrlabl>old_hucnum</attrlabl>
			</attr>
			<attr>
				<attrlabl>perimeter</attrlabl>
				<attrdef>Perimeter of feature in internal units.</attrdef>
				<attrdefs>ESRI</attrdefs>
				<attrdomv>
					<udom>Positive real numbers that are automatically generated.</udom>
				</attrdomv>
			</attr>
			<attr>
				<attrlabl>region</attrlabl>
			</attr>
			<attr>
				<attrlabl>region_name</attrlabl>
			</attr>
			<attr>
				<attrlabl>second_field</attrlabl>
			</attr>
			<attr>
				<attrlabl>seventh_field</attrlabl>
			</attr>
			<attr>
				<attrlabl>shape</attrlabl>
				<attrdef>Feature geometry.</attrdef>
				<attrdefs>ESRI</attrdefs>
				<attrdomv>
					<udom>Coordinates defining the features.</udom>
				</attrdomv>
			</attr>
			<attr>
				<attrlabl>sixth_field</attrlabl>
			</attr>
			<attr>
				<attrlabl>states</attrlabl>
			</attr>
			<attr>
				<attrlabl>subbasin</attrlabl>
			</attr>
			<attr>
				<attrlabl>subbasin_name</attrlabl>
			</attr>
			<attr>
				<attrlabl>subregion</attrlabl>
			</attr>
			<attr>
				<attrlabl>subregion_name</attrlabl>
			</attr>
			<attr>
				<attrlabl>subwat</attrlabl>
			</attr>
			<attr>
				<attrlabl>subwat_name</attrlabl>
			</attr>
			<attr>
				<attrlabl>third_field</attrlabl>
			</attr>
			<attr>
				<attrlabl>watershed</attrlabl>
			</attr>
			<attr>
				<attrlabl>watershed_name</attrlabl>
			</attr>
		</detailed>
		<overview>
			<eaover>The hydrologic Unit Boundaries coverage contains attributes for polygons, arcs and seven Arc/Info regions. Hydrologic Unit delineations are closed polygons that encompass all area draining toward the lowest point (called pour point) in the polygon. Because of nominal sizes for the different hydrologic unit level: Watershed (40,000 to 250,000 acres) and Subwatershed (generally 10,000 to 40,000 acres), some polygons do not include all areas up to the drainage divide but all areas to one or more other upstream hydrologic units. A unique hydrologic unit code is used to identify each hydrologic unit. The hydrologic unit codes start with the 8-digit Sub-basin (sub-basin) number that contains the Watershed. Likewise the Subwatershed hydrologic unit codes start with the 10-digit Watershed number that contains the Subwatershed.   Attributes associated with a hydrologic unit code includes: ACRES, HUC_NUM, HUC_TYPE, REGION_NAME, SUBREGION_NAME, BASIN_NAME, SUBBASIN_NAME, WATERSHED_NAME, SUBWAT_NAME, CATCHMENT_NAME, SUBCATCH_NAME, OLD_HUCNUM, STATES, NCONTRIB_DA, DS_HUC5, DS_HUC6, HUC_MOD, COMMENT, REGION, SUBREGION, BASIN, SUBBASIN, WATERSHED, SUBWAT, CATCHMENT, SUBCATCH, FIRST_FIELD, SECOND_FIELD, THIRD_FIELD, FOURTH_FIELD, FIFTH_FIELD, SIXTH_FIELD, SEVENTH_FIELD, EIGHTH_FIELD, HUC_LEVEL, LINESOURCE, LINEVER, LINEDATE, LINEORG, METADATA_ID, COMMENT</eaover>
		</overview>
	</eainfo>
	<distinfo>
		<distrib>
			<cntinfo>
				<cntperp>
					<cntper>Joshua S. Sisco</cntper>
					<cntorg>Bureau of Land Management / Titan Corporation</cntorg>
				</cntperp>
				<cntpos>Analyst</cntpos>
				<cntaddr>
					<addrtype>mailing address</addrtype>
					<address>PO Box 2965</address>
					<city>Portland</city>
					<state>OR</state>
					<postal>97208</postal>
					<country>USA</country>
				</cntaddr>
				<cntvoice>503-808-6623</cntvoice>
				<cntfax>503-808-6374</cntfax>
				<cntemail>jsisco@or.blm.gov</cntemail>
				<hours>7:30-4</hours>
			</cntinfo>
		</distrib>
		<resdesc>Downloadable Data</resdesc>
		<distliab>No warranty is made by the Bureau of Land Management as to the accuracy, reliability, or completeness of these data for individual use or aggregate use with other data.</distliab>
		<stdorder>
			<fees>Hard copy pages - $0.13 per page
Media - actual cost of CD, etc. (right now we are charging $0.80 per CD - includes the case)
Labor - $8.75 per quarter hour
Paper copies - $2.50 for every 9 inches of length printed
Mylar copies - $5.33 for every 9 inches of length printed</fees>
			<ordering>Contact Distributor</ordering>
		</stdorder>
		<custom>Contact Distributor</custom>
	</distinfo>
	<metainfo>
		<metd>20021220</metd>
		<metrd>20050512</metrd>
		<metfrd>20050123</metfrd>
		<metc>
			<cntinfo>
				<cntperp>
					<cntper>Stanley Frazier</cntper>
					<cntorg>Bureau of Land Management, Oregon State Office</cntorg>
				</cntperp>
				<cntorgp>
					<cntorg>REQUIRED: The organization responsible for the metadata information.</cntorg>
					<cntper>REQUIRED: The person responsible for the metadata information.</cntper>
				</cntorgp>
				<cntpos>State Data Administrator</cntpos>
				<cntaddr>
					<addrtype>mailing address</addrtype>
					<address>P.O. Box 2965</address>
					<city>Portland</city>
					<state>OR</state>
					<postal>97208</postal>
					<country>USA</country>
				</cntaddr>
				<cntvoice>(503)808-6009</cntvoice>
				<cntfax>(503)808-6419</cntfax>
				<cntemail>Stan_Frazier@or.blm.gov</cntemail>
			</cntinfo>
		</metc>
		<metstdn>Content Standards for Digital Geospatial Metadata</metstdn>
		<metstdv>FGDC-STD-001-1998</metstdv>
		<mettc>local time</mettc>
		<metextns>
			<onlink>http://www.esri.com/metadata/esriprof80.html</onlink>
			<metprof>ESRI Metadata Profile</metprof>
		</metextns>
	</metainfo>
	<Esri><MetaID>{57369150-142F-4A91-8B32-8068BE2F40F0}</MetaID><CreaDate>20070509</CreaDate><CreaTime>14560700</CreaTime><SyncOnce>TRUE</SyncOnce><DataProperties><lineage><Process Name="Project_3" ToolSource="C:\ESRI\ArcGIS\ArcToolbox\Toolboxes\Data Management Tools.tbx\Project" Date="20070509" Time="145608">Project huc5 "C:\projections\UTM 10\watersheds_5th.shp" PROJCS['NAD_1927_UTM_Zone_10N',GEOGCS['GCS_North_American_1927',DATUM['D_North_American_1927',SPHEROID['Clarke_1866',6378206.4,294.9786982]],PRIMEM['Greenwich',0.0],UNIT['Degree',0.0174532925199433]],PROJECTION['Transverse_Mercator'],PARAMETER['False_Easting',500000.0],PARAMETER['False_Northing',0.0],PARAMETER['Central_Meridian',-123.0],PARAMETER['Scale_Factor',0.9996],PARAMETER['Latitude_Of_Origin',0.0],UNIT['Meter',1.0]] NAD_1927_To_NAD_1983_NADCON</Process><Process ToolSource="C:\Program Files\ArcGIS\Desktop10.0\ArcToolbox\Toolboxes\Data Management Tools.tbx\CalculateField" Date="20120202" Time="113040">CalculateField watersheds_5th ider 1 VB #</Process></lineage></DataProperties></Esri><distInfo><distributor><distorTran><onLineSrc><linkage Sync="TRUE">file://</linkage><protocol Sync="TRUE">Local Area Network</protocol></onLineSrc></distorTran></distributor></distInfo></metadata>
