<?xml version="1.0"?>
<!--<!DOCTYPE metadata SYSTEM "http://www.esri.com/metadata/esriprof80.dtd">-->
<metadata xml:lang="en"><Esri><MetaID>{E6358A0E-5477-4B20-846E-39748E837E67}</MetaID><CreaDate>20080613</CreaDate><CreaTime>11082500</CreaTime><SyncOnce>TRUE</SyncOnce></Esri><idinfo><citation><citeinfo><onlink Sync="TRUE">\\FIFTEENMILE\C$\projections\UTM 10\rivers_minimal_alt</onlink></citeinfo></citation></idinfo><distInfo><distributor><distorTran><onLineSrc><linkage Sync="TRUE">file://\\FIFTEENMILE\C$\projections\UTM 10\rivers_minimal_alt</linkage><protocol Sync="TRUE">Local Area Network</protocol></onLineSrc></distorTran></distributor></distInfo><dataqual><lineage><procstep><procdesc Sync="TRUE">Dataset moved.</procdesc><srcused Sync="TRUE">C:\projections\Lambert\rivers_minimal_alt</srcused><date Sync="TRUE">20080613</date><time Sync="TRUE">11082500</time></procstep></lineage></dataqual></metadata>
